"File","ChineseChars","EnglishWords","Digits","TotalValidChars","Lines","SizeKB"
"M:\noteBook\python\中级Python工程师面试题集.md","11765","9291","1835","22891","4679","124.5"
"M:\noteBook\agent\向量数据库检索算法技术详解.md","14615","3737","2210","20562","3284","93.1"
"M:\noteBook\python\Python项目框架工具面试题集.md","10434","8388","1354","20176","3727","113.1"
"M:\noteBook\agent\基于LangChain的RAG系统优化实践-高级Agent工程师面试题.md","13185","5233","687","19105","2900","119.2"
"M:\noteBook\nodejs\nodejs-p6-learning-plan.html","7407","9801","1250","18458","2697","97.6"
"M:\noteBook\agent\16模型选型面试题集全集.md","14892","1646","1526","18064","2410","79.6"
"M:\noteBook\agent\4提示词工程面试答案详解.md","13812","2997","1088","17897","3032","128.7"
"M:\noteBook\react\custom-hooks-comprehensive-guide.html","4632","10772","722","16126","1918","128.4"
"M:\noteBook\JAVASCRIPT\WebSocket与SSE面试题集.md","8794","5256","651","14701","3119","88.3"
"M:\noteBook\项目总结\NGFA\后台pcdn模块.md","11708","1982","539","14229","1616","74.5"
"M:\noteBook\HTML\基础.md","8900","4527","764","14191","2657","80.8"
"M:\noteBook\vue3\高级Vue3工程师面试题2.md","7787","5810","483","14080","3460","84"
"M:\noteBook\react\react-actions-form-handling.html","4072","8701","1217","13990","1464","108.8"
"M:\noteBook\react\react-typescript-props-fc-guide.html","4518","8609","718","13845","1427","98.3"
"M:\noteBook\react\react-event-handling-synthetic-event.html","5061","7595","1006","13662","1360","98"
"M:\noteBook\react\react-state-management-comparison-guide.html","5908","6045","772","12725","1280","80.8"
"M:\noteBook\数据库\ClickHouse面试题汇总.md","7662","4198","854","12714","2647","69.6"
"M:\noteBook\agent\12提示词工程面试题集全集.md","11028","1125","551","12704","1818","59.7"
"M:\noteBook\JAVASCRIPT\前端微服务架构完整解决方案.md","7242","5058","352","12652","2818","87.9"
"M:\noteBook\JAVASCRIPT\Fetch API.md","6976","5283","377","12636","2887","84.7"
"M:\noteBook\数据库\向量数据库简介及常用语法.md","8706","3141","567","12414","1984","67.5"
"M:\noteBook\react\react-compiler-deep-dive.html","5529","5722","1000","12251","1266","78.6"
"M:\noteBook\Java\基本语法\Java基本语法学习指南.md","5450","5694","981","12125","2979","87.1"
"M:\noteBook\JAVASCRIPT\前端性能优化-核心知识点与面试指南.md","7432","3918","717","12067","2266","66.2"
"M:\noteBook\agent\GraphRAG技术面试题详解.md","9163","2180","597","11940","1788","76.6"
"M:\noteBook\nodejs\Nodejs-P6学习计划.md","5224","6017","597","11838","3061","77"
"M:\noteBook\Java\基本语法\Java常用工具使用指南与面试题.md","7371","3712","673","11756","1925","65.5"
"M:\noteBook\python\高级Python工程师面试题详解.md","7486","3529","709","11724","2553","67"
"M:\noteBook\react\custom-hooks-comprehensive-guide.md","4145","7131","372","11648","4243","106.4"
"M:\noteBook\react\useactionstate-useformstatus-comparison.md","4245","6335","1037","11617","3785","101.7"
"M:\noteBook\Java\java-p6-learning-plan.html","5260","5575","770","11605","504","50.3"
"M:\noteBook\agent\13RAG检索增强生成面试专项.md","8302","2030","677","11009","1369","58.7"
"M:\noteBook\CSS\基础.md","7083","2750","896","10729","2216","58.9"
"M:\noteBook\JAVASCRIPT\Web性能优化完整指南.md","6785","3165","735","10685","2030","71"
"M:\noteBook\agent\Agent记忆机制面试专项.md","7280","2644","748","10672","1507","54.3"
"M:\noteBook\agent\Agent长期记忆向量检索精准度优化方案.md","6412","2969","1276","10657","1428","46.8"
"M:\noteBook\项目总结\流程引擎.md","6996","3007","472","10475","1790","75.4"
"M:\noteBook\agent\14意图识别技术面试题集全集.md","6808","2870","580","10258","1685","53.9"
"M:\noteBook\react\react-actions-form-handling.md","3770","5665","815","10250","3294","89"
"M:\noteBook\react\react-event-handling-synthetic-event.md","4693","4893","649","10235","2873","79.4"
"M:\noteBook\JAVASCRIPT\Ajax.md","6345","3457","414","10216","2125","62.1"
"M:\noteBook\agent\11大模型三大原生局限与解法面试答案详解.md","9167","554","396","10117","1533","55.7"
"M:\noteBook\react\react-typescript-props-fc-guide.md","4060","5638","362","10060","3200","76.8"
"M:\noteBook\JAVASCRIPT\高级JavaScript工程师面试题完整版.md","6391","2899","556","9846","2475","52.7"
"M:\noteBook\agent\10Transformer架构原理面试答案详解.md","6715","2462","621","9798","1527","55"
"M:\noteBook\JAVASCRIPT\网络协议.md","8102","1194","493","9789","1018","43.7"
"M:\noteBook\数据库\数据库面试题汇总.md","7564","1871","353","9788","1327","43.5"
"M:\noteBook\react\react-functional-vs-class-components.html","3717","5199","862","9778","1229","63.6"
"M:\noteBook\CSS\stylus-interview-questions.md","5921","2920","693","9534","2162","49.6"
"M:\noteBook\react\usememo-usecallback-react-compiler-guide.html","4174","4399","806","9379","1046","56.4"
"M:\noteBook\vue3\Vue3核心源码解析面试题详解.md","5725","3241","382","9348","1738","51.3"
"M:\noteBook\AI\advanced-ai-fullstack-interview-questions.md","5929","2980","292","9201","1948","60"
"M:\noteBook\Java\基本语法\MyBatis面试题汇总.md","5320","3444","214","8978","1780","54.7"
"M:\noteBook\agent\18百万级流量控制与安全防护技术方案.md","4991","3080","896","8967","1611","51.1"
"M:\noteBook\Java\基本语法\SpringBoot面试题汇总.md","4378","4238","272","8888","2676","67.4"
"M:\noteBook\react\基础.md","7642","1141","76","8859","727","38.4"
"M:\noteBook\JAVASCRIPT\前端高并发与白屏问题解决方案.md","5506","3002","322","8830","1896","66.5"
"M:\noteBook\agent\15LangChain面试题集全集.md","5475","2908","361","8744","1865","51.8"
"M:\noteBook\agent\5提示词工程化面试答案详解.md","7109","1014","587","8710","1486","42.3"
"M:\noteBook\python\12-面向对象编程.md","5053","3049","516","8618","1943","45.9"
"M:\noteBook\CSS\LESS常见面试题.md","5458","2420","692","8570","1828","43.5"
"M:\noteBook\react\react-hooks-and-keys-comprehensive.html","3089","4748","715","8552","1157","55.8"
"M:\noteBook\JAVASCRIPT\高级JavaScript工程师面试题1.md","5081","2807","557","8445","2272","49.5"
"M:\noteBook\react\react-compiler-deep-dive.md","5124","2721","566","8411","2273","56.3"
"M:\noteBook\react\react-state-management-comparison-guide.md","5277","2515","582","8374","1913","50.6"
"M:\noteBook\项目总结\CHATBI\问题改写规则.md","7562","412","371","8345","1421","33.7"
"M:\noteBook\项目总结\CHATBI\concurrent-rendering.md","7562","412","371","8345","1421","33.7"
"M:\noteBook\Java\高级Java工程师面试题.md","6350","1616","277","8243","1346","42.6"
"M:\noteBook\JAVASCRIPT\超大文件上传解决方案.md","3880","3816","512","8208","1928","65.8"
"M:\noteBook\数据库\Redis简介及常用语法.md","5154","2195","798","8147","1701","37.7"
"M:\noteBook\agent\Ollama面试题汇总.md","5093","2231","801","8125","1502","41.4"
"M:\noteBook\TypeScript\TypeScript核心知识点与面试题集.md","4576","3240","261","8077","1752","45.5"
"M:\noteBook\agent\19Agent会话冲突解决方案面试专项.md","5242","2194","633","8069","1182","40.7"
"M:\noteBook\JAVASCRIPT\前端大屏适配解决方案.md","4017","3214","734","7965","1912","50.8"
"M:\noteBook\CSS\SCSS语法示例集合.md","3784","3301","813","7898","2213","45.3"
"M:\noteBook\JAVASCRIPT\01-原型链.md","4674","3019","174","7867","1541","51.1"
"M:\noteBook\react\use-hook-vs-await-comparison.html","1996","5052","779","7827","1730","63"
"M:\noteBook\react\use-hook-vs-await-comparison.md","3503","3816","193","7512","2351","56.4"
"M:\noteBook\数据库\MySQL简介及常用语法.md","5078","1995","423","7496","1189","36"
"M:\noteBook\python\08-数据容器.md","4148","2185","1134","7467","1630","38.1"
"M:\noteBook\vue3\高级Vue3工程师面试题1.md","4223","2801","282","7306","1890","42.7"
"M:\noteBook\react\React 19新范式.md","5929","1326","43","7298","637","34.2"
"M:\noteBook\agent\8Agent_Self-Ask框架解析面试专项.md","4687","2091","510","7288","921","33.3"
"M:\noteBook\agent\9Agent思考与自我反思面试专项.md","5791","1015","412","7218","652","30.4"
"M:\noteBook\JAVASCRIPT\iframe跨域通信与安全实践.md","4071","2891","206","7168","1539","47.5"
"M:\noteBook\react\optimistic-ui-useoptimistic-guide.html","2784","3862","473","7119","1684","56.8"
"M:\noteBook\JAVASCRIPT\前端跨域解决方案.md","4135","2744","207","7086","1590","46.9"
"M:\noteBook\react\react-router-client-routing-guide.html","2713","3773","527","7013","900","46.6"
"M:\noteBook\项目总结\NGFA\_extracted_text.txt","5893","754","351","6998","1275","26.8"
"M:\noteBook\JAVASCRIPT\原型图.md","4418","2170","263","6851","1055","36.4"
"M:\noteBook\vite\Vite打包Vue3高级面试题.md","3863","2463","481","6807","1508","39.4"
"M:\noteBook\react\optimistic-ui-useoptimistic-guide.md","3296","3087","288","6671","2043","53.8"
"M:\noteBook\react\tailwind-css-vs-css-in-js-comparison.html","3212","2722","563","6497","721","36.6"
"M:\noteBook\agent\7Agent工具体系核心价值与分类详解.md","5343","771","368","6482","682","27"
"M:\noteBook\数据库\MongoDB简介及常用语法.md","4570","1450","418","6438","1283","34.1"
"M:\noteBook\JAVASCRIPT\Observer API实现列表虚拟加载.md","3248","2659","468","6375","1355","47.2"
"M:\noteBook\CSS\Grid 网格布局.md","4013","1865","463","6341","815","28.5"
"M:\noteBook\react\react-fiber-architecture.html","2741","3043","490","6274","858","43.7"
"M:\noteBook\agent\3监督微调SFT面试答案详解.md","4661","1197","397","6255","1012","33.4"
"M:\noteBook\react\jsx-comprehensive-guide.html","2204","3612","432","6248","1326","46.7"
"M:\noteBook\react\react-functional-vs-class-components.md","3343","2424","422","6189","1758","42.3"
"M:\noteBook\agent\6Agent核心架构逻辑面试专项.md","4462","1355","356","6173","880","29.5"
"M:\noteBook\JAVASCRIPT\JavaScript for循环内存管理最佳实践.md","3580","2220","297","6097","1239","36.5"
"M:\noteBook\JAVASCRIPT\浏览器渲染过程及其原理.md","4451","1351","288","6090","1157","37.2"
"M:\noteBook\agent\17上下文Token溢出解决方案.md","4521","1046","419","5986","714","33"
"M:\noteBook\react\usememo-usecallback-react-compiler-guide.md","3806","1765","384","5955","1193","34.6"
"M:\noteBook\python\09-函数进阶.md","3196","2010","602","5808","1171","29.1"
"M:\noteBook\other\Monorepo.md","5299","376","76","5751","233","21.7"
"M:\noteBook\JAVASCRIPT\浏览器渲染原理.md","4927","574","70","5571","441","21.4"
"M:\noteBook\agent\2大模型是如何被创造出来的.md","4305","901","310","5516","901","36.2"
"M:\noteBook\react\react-key-comprehensive-guide.html","1861","3092","539","5492","1048","44.2"
"M:\noteBook\Java\Java零基础到P6学习计划.md","3768","1431","219","5418","559","26.7"
"M:\noteBook\react\jsx-comprehensive-guide.md","2498","2501","348","5347","1693","39.6"
"M:\noteBook\react\useactionstate-useformstatus-comparison.html","1273","3592","440","5305","1050","45.5"
"M:\noteBook\react\react-concurrent-rendering.html","1992","2731","421","5144","782","39.2"
"M:\noteBook\react\react-hooks-and-keys-comprehensive.md","2764","2029","319","5112","1485","34.5"
"M:\noteBook\TypeScript\typescript-interview-questions-advanced.md","2918","1907","210","5035","1332","27.8"
"M:\noteBook\CSS\CSS命名规则体系.md","2562","2240","182","4984","1018","28.1"
"M:\noteBook\项目总结\NGFA\NGFA-后端.md","3622","942","274","4838","858","31.5"
"M:\noteBook\AI\ai-frontend-concepts.html","1960","2400","367","4727","674","32.5"
"M:\noteBook\CSS\css-preprocessors-comparison.md","3119","1282","265","4666","908","24.8"
"M:\noteBook\react\react-hooks-implementation-principle.html","1730","2534","394","4658","749","31.8"
"M:\noteBook\数据库\Kafka简介及常用语法.md","2848","1425","341","4614","1033","24.7"
"M:\noteBook\JAVASCRIPT\02-闭包面试题.md","3368","942","203","4513","792","23.9"
"M:\noteBook\JAVASCRIPT\08-ES6+新特性.md","2417","1796","295","4508","954","26.7"
"M:\noteBook\agent\1什么是大模型及其原理.md","3545","695","203","4443","599","22.2"
"M:\noteBook\python\03-运算符与字符串.md","2794","1081","559","4434","838","20.7"
"M:\noteBook\vue3\Vue3核心源码解析面试题.md","2094","2012","249","4355","1297","28.3"
"M:\noteBook\python\11-异常与模块.md","2632","1341","283","4256","908","21.1"
"M:\noteBook\vue3\高级Vue3工程师面试题集.md","2429","1611","181","4221","985","24.7"
"M:\noteBook\项目总结\CHATBI\SuperSonic项目技术分析报告.md","2590","1294","293","4177","655","26.3"
"M:\noteBook\Java\中级Java工程师面试题.md","2669","1264","227","4160","1008","25.5"
"M:\noteBook\react\react-router-client-routing-guide.md","2383","1506","185","4074","1057","26.9"
"M:\noteBook\TypeScript\typescript-interview-questions-intermediate.md","2866","1010","141","4017","885","18.4"
"M:\noteBook\AI\高级AI全栈工程师面试题.md","3522","361","85","3968","607","15"
"M:\noteBook\AI\ai-concepts-summary.html","1744","1856","363","3963","655","25.5"
"M:\noteBook\python\07-函数基础.md","2711","939","285","3935","927","19"
"M:\noteBook\react\tailwind-css-vs-css-in-js-comparison.md","2924","740","241","3905","578","17.8"
"M:\noteBook\python\02-字面量与变量.md","2610","879","414","3903","683","17.3"
"M:\noteBook\react\react-key-comprehensive-guide.md","2320","1313","222","3855","898","24.4"
"M:\noteBook\react\实战.md","3063","684","24","3771","344","17.3"
"M:\noteBook\CSS\Flex 布局.md","2435","1011","317","3763","448","16.8"
"M:\noteBook\other\vite\vue3-vite-optimization-guide.html","1086","2309","358","3753","664","26.6"
"M:\noteBook\python\06-循环语句.md","2369","691","680","3740","710","15.1"
"M:\noteBook\react\react-testing-library-guide.md","1841","1643","160","3644","1061","26.2"
"M:\noteBook\react\react-fiber-architecture.md","2449","990","180","3619","828","24.9"
"M:\noteBook\agent\window_comparison.md","2821","547","153","3521","443","15.9"
"M:\noteBook\react\源码与原理.md","3173","277","11","3461","164","13.5"
"M:\noteBook\AI\ai-concepts-checklist.html","1424","1709","327","3460","615","23.5"
"M:\noteBook\CSS\sass-guide\sass-usage-guide.html","484","2691","258","3433","736","27.6"
"项目总结\NGFA\流量流向全流程处理方案.docx","2349","570","463","3382","0","366.5"
"M:\noteBook\Java\spring-boot\Spring-Boot-MyBatis-Maven-MVC整合指南.md","867","2240","215","3322","946","27.2"
"M:\noteBook\项目总结\CHATBI\agent.md","2303","786","122","3211","525","22"
"M:\noteBook\JAVASCRIPT\05-异步编程模式.md","1785","1242","104","3131","738","19"
"M:\noteBook\JAVASCRIPT\07-类型转换与相等性比较.md","1605","1006","378","2989","680","19.3"
"M:\noteBook\JAVASCRIPT\06-执行上下文.md","2202","664","98","2964","589","16.9"
"M:\noteBook\JAVASCRIPT\03-Promise异步编程.md","1797","976","157","2930","644","17.7"
"M:\noteBook\python\10-文件操作.md","1984","804","131","2919","514","13.3"
"M:\noteBook\JAVASCRIPT\04-事件循环机制.md","1940","648","155","2743","543","16.9"
"M:\noteBook\other\vite\vue3-vite-optimization-checklist.html","1057","1369","297","2723","554","19.1"
"M:\noteBook\agent\3个月_Vue3_Java_Agent工程师方案.md","1862","616","170","2648","238","12.1"
"M:\noteBook\python\05-判断语句.md","2173","301","155","2629","511","10.8"
"M:\noteBook\react\react-concurrent-rendering.md","1645","843","110","2598","729","21"
"M:\noteBook\other\vite\Vue3_Vite_打包优化实践指南.html","452","1786","299","2537","643","21.5"
"M:\noteBook\项目总结\CHATBI\README.md","1515","760","249","2524","312","11.5"
"M:\noteBook\python\01-Python基础入门.md","2098","307","118","2523","334","10.2"
"M:\noteBook\agent\群顶ChatBI.md","1454","760","249","2463","306","11.3"
"M:\noteBook\react\react-fiber.html","1026","1102","266","2394","522","16.4"
"M:\noteBook\react\concurrent-rendering.html","999","1030","320","2349","532","16.2"
"M:\noteBook\AI\ai-frontend-concepts.md","1587","675","65","2327","469","14.7"
"M:\noteBook\react\react-virtual-dom-diffing.html","1053","936","187","2176","388","12.2"
"M:\noteBook\react\react-hooks-implementation.html","544","1172","432","2148","587","16.1"
"M:\noteBook\react\react-hooks-implementation-principle.md","1416","616","102","2134","491","13.2"
"M:\noteBook\other\vite\优化实施总结报告.md","1645","256","157","2058","382","9.8"
"M:\noteBook\other\RESTful接口设计.md","1752","182","62","1996","92","7.9"
"M:\noteBook\CSS\sass-guide\demo.html","530","1179","217","1926","407","14.8"
"M:\noteBook\other\vite\Vue3_Vite_打包优化实践指南.md","1207","594","97","1898","484","11"
"M:\noteBook\other\vite\优化检查清单.md","1696","122","54","1872","360","8.2"
"M:\noteBook\other\vite\打包优化完成总结.md","1454","269","127","1850","281","8.2"
"M:\noteBook\python\04-数据输入与布尔类型.md","1363","309","128","1800","384","7.6"
"M:\noteBook\react\面试.md","1437","334","3","1774","70","7.4"
"M:\noteBook\AI\ai-concepts-summary.md","1413","275","41","1729","287","8.5"
"M:\noteBook\other\npm与pnpm安装机制对比.md","1411","213","35","1659","113","6.6"
"M:\noteBook\react\react-hooks-implementation.md","882","628","62","1572","485","10.8"
"M:\noteBook\CSS\sass-guide\sass-usage-guide.md","469","877","172","1518","623","10.5"
"M:\noteBook\react\react-performance-optimization.html","666","661","176","1503","312","9"
"M:\noteBook\react\useeffect-deps-guide.html","119","1124","232","1475","479","14.1"
"M:\noteBook\other\vite\vue3-vite-optimization-guide.md","786","620","46","1452","401","9.2"
"M:\noteBook\other\vite\优化文档总结.md","1230","131","66","1427","172","5.5"
"M:\noteBook\react\react-virtual-dom-diffing.md","1050","308","40","1398","281","6.5"
"M:\noteBook\AI\ai-concepts-checklist.md","1138","203","19","1360","260","7.1"
"M:\noteBook\项目总结\CHATBI\README_CN.md","1082","230","39","1351","85","5.3"
"M:\noteBook\react\react-fiber.md","994","274","27","1295","277","6.8"
"M:\noteBook\vue3\keepAlive实现原理.md","914","287","22","1223","143","6.1"
"M:\noteBook\react\concurrent-rendering.md","987","164","24","1175","224","5.6"
"M:\noteBook\markdown语法.md","442","424","126","992","178","5.6"
"M:\noteBook\other\版本号管理.md","691","58","124","873","70","3.6"
"M:\noteBook\react\react-performance-optimization.md","658","165","24","847","176","4.1"
"M:\noteBook\CSS\sass-guide\README.md","542","223","30","795","205","4.4"
"M:\noteBook\other\vite\vue3-vite-optimization-checklist.md","694","43","23","760","127","3.2"
"M:\noteBook\other\vite\README-OPTIMIZATION.md","626","68","31","725","99","2.9"
"M:\noteBook\agent\AI_Agent_中级12周路线_含视频.md","312","208","52","572","126","3"
"M:\noteBook\JAVASCRIPT\纯css实现列表无限无缝循环.md","41","289","133","463","121","3.8"
"M:\noteBook\项目总结\NGFA\NGFA.md","414","8","7","429","10","1.4"
"M:\noteBook\agent\AI_Agent_中级12周路线.md","298","96","21","415","87","1.9"
"M:\noteBook\agent\AI_Agent_进阶6个月路线_含视频.md","172","181","54","407","103","2.1"
"M:\noteBook\JAVASCRIPT\JSBridge 原理.md","322","79","4","405","29","1.9"
"M:\noteBook\CSS\骰子.html","2","357","40","399","163","3"
"M:\noteBook\agent\AI_Agent_进阶6个月路线.md","223","85","24","332","98","1.8"
"M:\noteBook\CSS\Grid 网格布局.html","0","230","85","315","112","1.9"
"M:\noteBook\项目总结\后台返回19位number处理.md","159","125","11","295","64","1.9"
"M:\noteBook\项目总结\群顶自动控制系统（TACS).md","248","21","2","271","15","0.9"
"M:\noteBook\other\eslint.md","55","87","2","144","65","1.1"
"M:\noteBook\CSS\Flex 网格布局.html","2","98","30","130","46","0.9"
"M:\noteBook\vue3\基础.md","23","99","6","128","50","1"
"M:\noteBook\TypeScript\基础.md","73","26","0","99","26","0.5"
"M:\noteBook\vue3+ts+elementplus\项目配置.md","62","34","1","97","30","0.5"
"M:\noteBook\Java\java运行原理.md","67","21","9","97","10","0.4"
"M:\noteBook\CSS\圣杯布局.html","13","53","11","77","38","0.5"
"M:\noteBook\口令.txt","5","45","25","75","2","0.3"
"M:\noteBook\JAVASCRIPT\性能优化.md","25","0","0","25","4","0.1"
